Date,oil_price,usd_pkr_rate,7_day_avg_oil,7_day_avg_pkr,estimated_c_and_f_pkr,petrol_price_today,diesel_price_today,hobc_price_today,imf_pdl_shortfall,petrol_price_yesterday,base_import_liter_yesterday,c_and_f_delta_pkr,petrol_price_tomorrow,price_delta_tomorrow
2025-01-13,81.01000213623047,278.16534423828125,77.67,277.67,21566.63,317.72,344.4,372.3,67.93,316.37,134.29598960921336,1.35,318.66,0.94
2025-01-14,79.91999816894531,278.3999938964844,78.16,277.85,21716.76,318.66,345.34,373.24,67.93,317.72,135.6502663739803,0.94,320.23,1.57
2025-01-15,82.02999877929688,278.3999938964844,78.98,278.12,21965.92,320.23,346.91,374.81,67.93,318.66,136.59453917615906,1.57,321.3,1.07
2025-01-16,81.29000091552734,278.3999938964844,79.58,278.15,22135.18,321.3,347.98,375.88,67.93,320.23,138.16172139860493,1.06,322.5,1.2
2025-01-17,80.79000091552734,278.6000061035156,80.25,278.21,22326.35,322.5,349.18,377.08,67.93,321.3,139.2263329706202,1.2,323.01,0.51
2025-01-21,79.29000091552734,277.2745361328125,80.58,278.08,22407.69,323.01,349.69,377.59,67.93,322.5,140.42879292017585,0.51,322.92,-0.09
2025-01-22,79.0,278.5,80.48,278.25,22393.56,322.92,349.6,377.5,67.93,323.01,140.94036870939132,-0.09,322.25,-0.67
2025-01-23,78.29000091552734,278.3999938964844,80.09,278.28,22287.45,322.25,348.93,376.83,67.93,322.92,140.85151616169875,-0.67,321.9,-0.35
2025-01-24,78.5,278.6000061035156,79.88,278.31,22231.4,321.9,348.58,376.48,67.93,322.25,140.1840729116217,-0.35,320.55,-1.35
2025-01-27,77.08000183105469,276.65966796875,79.18,278.06,22016.79,320.55,347.23,375.13,67.93,321.9,139.83157616660483,-1.35,319.61,-0.94
2025-01-28,77.48999786376953,278.70001220703125,78.63,278.1,21867.0,319.61,346.29,374.19,67.93,320.55,138.4817047934737,-0.94,318.57,-1.04
2025-01-29,76.58000183105469,278.75,78.03,278.13,21702.48,318.57,345.25,373.15,67.93,319.61,137.53956612804822,-1.03,318.05,-0.52
2025-01-30,76.87000274658203,278.29998779296875,77.69,278.27,21618.8,318.05,344.73,372.63,67.93,318.57,136.5047702013372,-0.53,317.47,-0.58
2025-01-31,76.76000213623047,278.29998779296875,77.37,278.24,21527.43,317.47,344.15,372.05,67.93,318.05,135.97839005704867,-0.57,317.11,-0.36
2025-02-03,75.95999908447266,281.7514343261719,77.03,278.72,21469.8,317.11,343.79,371.69,67.93,317.47,135.40370470541617,-0.36,316.34,-0.77
2025-02-04,76.19999694824219,275.5766296386719,76.71,278.29,21347.63,316.34,343.02,370.92,67.93,317.11,135.04123984979907,-0.77,315.85,-0.49
2025-02-05,74.61000061035156,278.6000061035156,76.35,278.57,21268.82,315.85,342.53,370.43,67.93,316.34,134.2727763905225,-0.5,315.06,-0.79
2025-02-06,74.29000091552734,278.70001220703125,75.9,278.57,21143.46,315.06,341.74,369.64,67.93,315.85,133.77709812751985,-0.79,314.58,-0.48
2025-02-07,74.66000366210938,278.8999938964844,75.62,278.59,21066.98,314.58,341.26,369.16,67.93,315.06,132.98862800103154,-0.48,314.37,-0.21
2025-02-10,75.87000274658203,278.77093505859375,75.48,278.66,21033.26,314.37,341.05,368.95,67.93,314.58,132.50753709422784,-0.21,314.45,0.08
2025-02-11,77.0,278.75,75.51,278.72,21046.15,314.45,341.13,369.03,67.93,314.37,132.2954505714304,0.08,314.05,-0.4
2025-02-12,75.18000030517578,278.75,75.4,278.29,20983.07,314.05,340.73,368.63,67.93,314.45,132.3765288985892,-0.4,313.97,-0.08
2025-02-13,75.0199966430664,278.70001220703125,75.23,278.74,20969.61,313.97,340.65,368.55,67.93,314.05,131.97975935139354,-0.08,314.03,0.06
2025-02-14,74.73999786376953,279.0,75.25,278.8,20979.7,314.03,340.71,368.61,67.93,313.97,131.8951247586281,0.06,314.34,0.31
2025-02-18,75.83999633789062,277.6875,75.47,278.65,21029.72,314.34,341.02,368.92,67.93,314.03,131.95858780906616,0.31,314.7,0.36
2025-02-19,76.04000091552734,279.0,75.67,278.67,21086.96,314.7,341.38,369.28,67.93,314.34,132.27317642322956,0.36,314.89,0.19
2025-02-20,76.4800033569336,279.25,75.76,278.73,21116.58,314.89,341.57,369.47,67.93,314.7,132.63322724499488,0.19,314.26,-0.63
2025-02-21,74.43000030517578,279.1000061035156,75.39,278.78,21017.22,314.26,340.94,368.84,67.93,314.89,132.81956889557011,-0.62,314.12,-0.14
2025-02-24,74.77999877929688,278.0712890625,75.33,278.69,20993.72,314.12,340.8,368.7,67.93,314.26,132.19460836420586,-0.15,313.68,-0.44
2025-02-25,73.0199966430664,279.5,75.05,278.8,20923.94,313.68,340.36,368.26,67.93,314.12,132.0467566530597,-0.44,313.15,-0.53
2025-02-26,72.52999877929688,279.5,74.73,278.87,20839.96,313.15,339.83,367.73,67.93,313.68,131.60786730990583,-0.53,312.82,-0.33
2025-02-27,74.04000091552734,279.5,74.47,279.13,20786.81,312.82,339.5,367.4,67.93,313.15,131.07961720140642,-0.33,312.13,-0.69
2025-02-28,73.18000030517578,279.29998779296875,74.07,279.17,20678.12,312.13,338.81,366.71,67.93,312.82,130.74535087774473,-0.68,310.86,-1.27
2025-03-03,71.62000274658203,278.57373046875,73.37,279.08,20476.1,310.86,337.54,365.44,67.93,312.13,130.06171510878247,-1.27,310.05,-0.81
2025-03-04,71.04000091552734,279.5,72.89,279.14,20346.51,310.05,336.73,364.63,67.93,310.86,128.79103071320299,-0.82,308.75,-1.3
2025-03-05,69.30000305175781,279.6000061035156,72.1,279.35,20141.13,308.75,335.43,363.33,67.93,310.05,127.97596407253423,-1.29,307.88,-0.87
2025-03-06,69.45999908447266,279.5,71.6,279.35,20001.46,307.88,334.56,362.46,67.93,308.75,126.68416285608257,-0.88,307.26,-0.62
2025-03-07,70.36000061035156,278.3293762207031,71.29,279.19,19903.46,307.26,333.94,361.84,67.93,307.88,125.80563190701126,-0.62,306.02,-1.24
2025-03-10,69.27999877929688,278.8594055175781,70.61,279.09,19706.54,306.02,332.7,360.6,67.93,307.26,125.1891984879267,-1.24,305.14,-0.88
2025-03-11,69.55999755859375,279.8500061035156,70.09,279.17,19567.03,305.14,331.82,359.72,67.93,306.02,123.95066829363405,-0.88,304.96,-0.18
2025-03-12,70.94999694824219,278.404052734375,69.99,279.15,19537.71,304.96,331.64,359.54,67.93,305.14,123.07311478296968,-0.18,304.7,-0.26
2025-03-13,69.87999725341797,279.95001220703125,69.83,279.21,19497.23,304.7,331.38,359.28,67.93,304.96,122.88871731651014,-0.25,304.95,0.25
2025-03-14,70.58000183105469,278.4954528808594,70.01,279.06,19536.99,304.95,331.63,359.53,67.93,304.7,122.63414178517739,0.25,305.26,0.31
2025-03-17,71.06999969482422,277.9997253417969,70.24,278.84,19585.72,305.26,331.94,359.84,67.93,304.95,122.8842018529817,0.31,305.41,0.15
2025-03-18,70.55999755859375,279.95001220703125,70.27,279.07,19610.25,305.41,332.09,359.99,67.93,305.26,123.19071119022308,0.15,305.86,0.45
2025-03-19,70.77999877929688,280.0,70.48,279.24,19680.84,305.86,332.54,360.44,67.93,305.41,123.34498355211431,0.44,306.48,0.62
2025-03-20,72.0,280.0,70.83,279.26,19779.99,306.48,333.16,361.06,67.93,305.86,123.7889588456918,0.62,306.88,0.4
2025-03-21,72.16000366210938,280.0,71.0,279.49,19843.79,306.88,333.56,361.46,67.93,306.48,124.41259851434394,0.4,307.55,0.67
2025-03-24,73.0,278.043212890625,71.45,279.21,19949.55,307.55,334.23,362.13,67.93,306.88,124.81391560316253,0.67,308.27,0.72
2025-03-25,73.0199966430664,280.1000061035156,71.8,279.44,20063.79,308.27,334.95,362.85,67.93,307.55,125.47915552843942,0.72,309.08,0.81
2025-03-26,73.79000091552734,280.0,72.19,279.73,20193.71,309.08,335.76,363.66,67.93,308.27,126.19768911923616,0.82,309.95,0.87
2025-03-27,74.02999877929688,280.04998779296875,72.68,279.74,20331.5,309.95,336.63,364.53,67.93,309.08,127.01484209400769,0.87,310.67,0.72
2025-03-28,73.62999725341797,280.0,73.09,279.74,20446.2,310.67,337.35,365.25,67.93,309.95,127.88154503198376,0.72,311.08,0.41
2025-03-31,74.73999786376953,275.8041687011719,73.48,279.14,20511.21,311.08,337.76,365.66,67.93,310.67,128.60294615283013,0.41,311.66,0.58
2025-04-01,74.48999786376953,280.0,73.81,279.14,20603.32,311.66,338.34,366.24,67.93,311.08,129.0118512834383,0.58,312.28,0.62
2025-04-02,74.94999694824219,280.0,74.09,279.42,20702.23,312.28,338.96,366.86,67.93,311.66,129.59124582513036,0.62,311.55,-0.73
2025-04-03,70.13999938964844,279.8999938964844,73.68,279.39,20585.46,311.55,338.23,366.13,67.93,312.28,130.21333693949822,-0.73,309.52,-2.03
2025-04-04,65.58000183105469,280.29998779296875,72.51,279.44,20262.19,309.52,336.2,364.1,67.93,311.55,129.4788580198381,-2.03,307.11,-2.41
2025-04-07,64.20999908447266,281.0068054199219,71.11,279.57,19880.22,307.11,333.79,361.69,67.93,309.52,127.44560498657124,-2.4,304.41,-2.7
2025-04-08,62.81999969482422,280.29998779296875,69.56,279.62,19450.37,304.41,331.09,358.99,67.93,307.11,125.04307081711083,-2.7,302.38,-2.03
2025-04-09,65.4800033569336,280.6000061035156,68.24,280.3,19127.67,302.38,329.06,356.96,67.93,304.41,122.33935604797877,-2.03,299.59,-2.79
2025-04-10,63.33000183105469,280.5,66.64,280.37,18683.86,299.59,326.27,354.17,67.93,302.38,120.309660538283,-2.79,297.06,-2.53
2025-04-11,64.76000213623047,280.3999938964844,65.19,280.43,18281.23,297.06,323.74,351.64,67.93,299.59,117.51814173485884,-2.53,295.67,-1.39
2025-04-14,64.87999725341797,278.8634033203125,64.44,280.28,18061.24,295.67,322.35,350.25,67.93,297.06,114.98570134665098,-1.38,295.44,-0.23
2025-04-15,64.66999816894531,280.20001220703125,64.31,280.27,18024.16,295.44,322.12,350.02,67.93,295.67,113.60201274318024,-0.23,295.75,0.31
2025-04-16,65.8499984741211,279.4176940917969,64.54,280.04,18073.78,295.75,322.43,350.33,67.93,295.44,113.36878927207886,0.31,296.97,1.22
2025-04-17,67.95999908447266,278.8681335449219,65.28,279.84,18267.96,296.97,323.65,351.55,67.93,295.75,113.68087705284081,1.22,297.45,0.48
2025-04-22,67.44000244140625,280.3999938964844,65.56,279.81,18344.34,297.45,324.13,352.03,67.93,296.97,114.90219451904873,0.48,298.14,0.69
2025-04-23,66.12000274658203,280.6000061035156,65.95,279.82,18454.13,298.14,324.82,352.72,67.93,297.45,115.38266399139553,0.69,298.55,0.41
2025-04-24,66.55000305175781,279.46490478515625,66.21,279.69,18518.27,298.55,325.23,353.13,67.93,298.14,116.07319466371466,0.4,299.07,0.52
2025-04-25,66.87000274658203,279.46881103515625,66.49,279.77,18601.91,299.07,325.75,353.65,67.93,298.55,116.47666098486037,0.53,299.41,0.34
2025-04-28,65.86000061035156,280.70001220703125,66.66,279.85,18654.8,299.41,326.09,353.99,67.93,299.07,117.00269393095033,0.33,299.11,-0.3
2025-04-29,64.25,280.8999938964844,66.44,280.06,18607.19,299.11,325.79,353.69,67.93,299.41,117.3353859120557,-0.3,297.99,-1.12
2025-04-30,63.119998931884766,280.8999938964844,65.74,280.35,18430.21,297.99,324.67,352.57,67.93,299.11,117.03589853258443,-1.11,296.68,-1.31
2025-05-01,62.130001068115234,280.6000061035156,64.99,280.38,18221.9,296.68,323.36,351.26,67.93,297.99,115.9227421109902,-1.31,295.45,-1.23
2025-05-02,61.290000915527344,280.41455078125,64.3,280.35,18026.5,295.45,322.13,350.03,67.93,296.68,114.61249158736248,-1.23,293.89,-1.56
2025-05-05,60.22999954223633,280.2495422363281,63.39,280.46,17778.36,293.89,320.57,348.47,67.93,295.45,113.38351563335368,-1.56,292.79,-1.1
2025-05-06,62.150001525878906,280.8999938964844,62.72,280.67,17603.62,292.79,319.47,347.37,67.93,293.89,111.82272387050513,-1.1,291.54,-1.25
2025-05-07,61.119998931884766,279.84161376953125,62.04,280.54,17404.7,291.54,318.22,346.12,67.93,292.79,110.72365916710172,-1.25,291.14,-0.4
2025-05-08,62.84000015258789,279.96112060546875,61.84,280.41,17340.55,291.14,317.82,345.72,67.93,291.54,109.47248265581463,-0.4,291.27,0.13
2025-05-09,63.90999984741211,279.73944091796875,61.95,280.24,17360.87,291.27,317.95,345.85,67.93,291.14,109.06900815789972,0.13,291.96,0.69
2025-05-12,64.95999908447266,279.987548828125,62.36,280.16,17470.78,291.96,318.64,346.54,67.93,291.27,109.19677709498262,0.69,293.25,1.29
2025-05-13,66.62999725341797,279.5299377441406,63.12,280.03,17675.49,293.25,319.93,347.83,67.93,291.96,109.88808896324858,1.29,294.8,1.55
2025-05-14,66.08999633789062,281.5,63.96,280.21,17922.23,294.8,321.48,349.38,67.93,293.25,111.17571625353015,1.55,295.38,0.58
2025-05-15,64.52999877929688,280.54754638671875,64.3,280.16,18014.29,295.38,322.06,349.96,67.93,294.8,112.72765446231453,0.58,296.54,1.16
2025-05-16,65.41000366210938,281.29998779296875,64.91,280.37,18198.82,296.54,323.22,351.12,67.93,295.38,113.30667287262482,1.16,297.26,0.72
2025-05-19,65.54000091552734,280.527099609375,65.3,280.45,18313.38,297.26,323.94,351.84,67.93,296.54,114.46732563039745,0.72,297.71,0.45
2025-05-20,65.37999725341797,281.16375732421875,65.51,280.65,18385.38,297.71,324.39,352.29,67.93,297.26,115.18793989445678,0.45,297.72,0.01
2025-05-21,64.91000366210938,280.3999938964844,65.5,280.71,18386.5,297.72,324.4,352.3,67.93,297.71,115.64078509563674,0.01,297.22,-0.5
2025-05-22,64.44000244140625,280.4014587402344,65.19,280.83,18307.31,297.22,323.9,351.8,67.93,297.72,115.64785171114619,-0.5,296.81,-0.41
2025-05-23,64.77999877929688,280.2604064941406,65.0,280.66,18242.9,296.81,323.49,351.39,67.93,297.22,115.14971475655241,-0.41,296.71,-0.1
2025-05-27,64.08999633789062,280.6180114746094,64.94,280.67,18226.71,296.71,323.39,351.29,67.93,296.81,114.74460175989233,-0.1,296.58,-0.13
2025-05-28,64.9000015258789,281.5604248046875,64.86,280.7,18206.2,296.58,323.26,351.16,67.93,296.71,114.64276827665155,-0.13,296.29,-0.29
2025-05-29,64.1500015258789,281.54498291015625,64.66,280.85,18159.76,296.29,322.97,350.87,67.93,296.58,114.5137778560511,-0.29,295.89,-0.4
2025-05-30,63.900001525878906,280.69677734375,64.45,280.78,18096.27,295.89,322.57,350.47,67.93,296.29,114.22167221219347,-0.4,295.79,-0.1
2025-06-02,64.62999725341797,279.8917541503906,64.41,280.71,18080.53,295.79,322.47,350.37,67.93,295.89,113.82233138558499,-0.1,296.09,0.3
2025-06-03,65.62999725341797,280.3494567871094,64.58,280.7,18127.61,296.09,322.77,350.67,67.93,295.79,113.72333020938817,0.3,296.22,0.13
2025-06-04,64.86000061035156,282.2523498535156,64.59,280.99,18149.14,296.22,322.9,350.8,67.93,296.09,114.01942297168951,0.14,296.54,0.32
2025-06-05,65.33999633789062,280.59600830078125,64.77,280.98,18199.07,296.54,323.22,351.12,67.93,296.22,114.15489379634815,0.31,296.97,0.43
2025-06-06,66.47000122070312,282.0,65.0,281.05,18268.25,296.97,323.65,351.55,67.93,296.54,114.46894777560429,0.44,297.67,0.7
2025-06-09,67.04000091552734,281.1230773925781,65.41,280.99,18379.56,297.67,324.35,352.25,67.93,296.97,114.90404875870354,0.7,298.49,0.82
2025-06-10,66.87000274658203,282.0,65.83,281.17,18509.42,298.49,325.17,353.07,67.93,297.67,115.60414310604011,0.82,299.93,1.44
2025-06-11,69.7699966430664,282.0,66.57,281.47,18737.46,299.93,326.61,354.51,67.93,298.49,116.42097215495606,1.43,300.96,1.03
2025-06-12,69.36000061035156,282.0,67.1,281.71,18902.74,300.96,327.64,355.54,67.93,299.93,117.85528313635707,1.04,303.32,2.36
2025-06-13,74.2300033569336,282.0,68.44,281.67,19277.49,303.32,330.0,357.9,67.93,300.96,118.89488448741092,2.36,305.34,2.02
2025-06-16,73.2300033569336,280.8703308105469,69.57,281.71,19598.56,305.34,332.02,359.92,67.93,303.32,121.25201934749383,2.02,307.9,2.56
2025-06-17,76.44999694824219,282.70001220703125,70.99,281.81,20005.69,307.9,334.58,362.48,67.93,305.34,123.27149200878057,2.56,310.47,2.57
2025-06-18,76.69999694824219,283.0,72.37,282.08,20414.13,310.47,337.15,365.05,67.93,307.9,125.83224980658795,2.57,313.13,2.66
2025-06-20,77.01000213623047,283.29998779296875,73.82,282.27,20837.17,313.13,339.81,367.71,67.93,310.47,128.40125041670075,2.66,313.59,0.46
2025-06-23,71.4800033569336,282.2789001464844,74.07,282.31,20910.7,313.59,340.27,368.17,67.93,313.13,131.06210822268486,0.46,313.12,-0.47
2025-06-24,67.13999938964844,283.3999938964844,73.75,282.51,20835.11,313.12,339.8,367.7,67.93,313.59,131.52460075352073,-0.48,311.54,-1.58
2025-06-25,67.68000030517578,283.38946533203125,72.81,282.71,20584.12,311.54,338.22,366.12,67.93,313.12,131.04915810726663,-1.58,310.32,-1.22
2025-06-26,67.7300033569336,283.45001220703125,72.03,283.07,20389.53,310.32,337.0,364.9,67.93,311.54,129.47042902878852,-1.22,308.15,-2.17
2025-06-27,67.7699966430664,283.3999938964844,70.79,283.17,20045.6,308.15,334.83,362.73,67.93,310.32,128.24653650927434,-2.16,305.78,-2.37
2025-06-30,67.61000061035156,282.05145263671875,69.49,283.04,19668.45,305.78,332.46,360.36,67.93,308.15,126.08329171567489,-2.37,303.27,-2.51
2025-07-01,67.11000061035156,283.5,68.07,283.07,19268.57,303.27,329.95,357.85,67.93,305.78,123.71105562089983,-2.52,302.75,-0.52
2025-07-02,69.11000061035156,283.5,67.74,283.24,19186.68,302.75,329.43,357.33,67.93,303.27,121.19591476032629,-0.52,303.14,0.39
2025-07-03,68.80000305175781,283.1203918457031,67.97,283.2,19249.1,303.14,329.82,357.72,67.93,302.75,120.6807952851491,0.39,303.33,0.19
2025-07-04,68.29000091552734,283.70001220703125,68.06,283.25,19278.0,303.33,330.01,357.91,67.93,303.14,121.07344625661217,0.18,303.73,0.4
2025-07-07,69.58000183105469,282.5014953613281,68.32,283.11,19342.08,303.73,330.41,358.31,67.93,303.33,121.25516551667747,0.4,304.37,0.64
2025-07-08,70.1500015258789,284.0,68.66,283.2,19444.51,304.37,331.05,358.95,67.93,303.73,121.65821859648902,0.64,305.15,0.78
2025-07-09,70.19000244140625,284.0,69.03,283.47,19567.93,305.15,331.83,359.73,67.93,304.37,122.30252787963795,0.78,305.58,0.43
2025-07-10,68.63999938964844,284.0,69.25,283.55,19635.84,305.58,332.26,360.16,67.93,305.15,123.07883097360164,0.43,305.94,0.36
2025-07-11,70.36000061035156,284.25,69.43,283.65,19693.82,305.94,332.62,360.52,67.93,305.58,123.50593130255935,0.36,306.04,0.1
2025-07-14,69.20999908447266,282.9370422363281,69.49,283.63,19709.45,306.04,332.72,360.62,67.93,305.94,123.87062778717758,0.1,306.19,0.15
2025-07-15,68.70999908447266,284.45001220703125,69.55,283.73,19733.42,306.19,332.87,360.77,67.93,306.04,123.96893268003043,0.15,306.04,-0.15
2025-07-16,68.5199966430664,284.45001220703125,69.4,284.01,19710.29,306.04,332.72,360.62,67.93,306.19,124.11971733537963,-0.15,305.93,-0.11
2025-07-17,69.5199966430664,284.70001220703125,69.31,284.11,19691.66,305.93,332.61,360.51,67.93,306.04,123.97424946693756,-0.12,305.64,-0.29
2025-07-18,69.27999877929688,283.15118408203125,69.18,283.99,19646.43,305.64,332.32,360.22,67.93,305.93,123.85707070389404,-0.28,305.77,0.13
2025-07-21,69.20999908447266,283.68133544921875,69.26,283.95,19666.38,305.77,332.45,360.35,67.93,305.64,123.57254492505679,0.13,305.35,-0.42
2025-07-22,68.58999633789062,284.70001220703125,69.01,284.01,19599.53,305.35,332.03,359.93,67.93,305.77,123.69801933491418,-0.42,305.28,-0.07
2025-07-23,68.51000213623047,284.70001220703125,68.91,284.26,19588.36,305.28,331.96,359.86,67.93,305.35,123.27756420336254,-0.07,305.4,0.12
2025-07-24,69.18000030517578,284.75,68.97,284.3,19608.17,305.4,332.08,359.98,67.93,305.28,123.20728487234805,0.12,305.41,0.01
2025-07-25,68.44000244140625,284.75,68.96,284.35,19608.78,305.41,332.09,359.99,67.93,305.4,123.33191393006977,0.0,305.35,-0.06
2025-07-28,70.04000091552734,281.5276794433594,69.04,283.89,19599.77,305.35,332.03,359.93,67.93,305.41,123.33571927264492,-0.06,306.15,0.8
2025-07-29,72.51000213623047,282.79998779296875,69.5,283.84,19726.88,306.15,332.83,360.73,67.93,305.35,123.27904545654678,0.8,307.11,0.96
2025-07-30,73.23999786376953,282.79998779296875,70.07,283.72,19880.26,307.11,333.79,361.69,67.93,306.15,124.07857246189938,0.96,308.02,0.91
2025-07-31,72.52999877929688,283.0,70.64,283.48,20025.03,308.02,334.7,362.6,67.93,307.11,125.04330794341675,0.91,308.2,0.18
2025-08-01,69.66999816894531,283.0,70.8,283.23,20052.68,308.2,334.88,362.78,67.93,308.02,125.95386541037948,0.17,307.66,-0.54
2025-08-04,68.76000213623047,278.00274658203125,70.74,282.27,19967.78,307.66,334.34,362.24,67.93,308.2,126.1278217715914,-0.53,307.32,-0.34
2025-08-05,67.63999938964844,282.3999938964844,70.63,281.93,19912.72,307.32,334.0,361.9,67.93,307.66,125.59378942932439,-0.35,306.57,-0.75
2025-08-06,66.88999938964844,282.29998779296875,70.18,282.04,19793.57,306.57,333.25,361.15,67.93,307.32,125.24744727556342,-0.75,304.99,-1.58
2025-08-07,66.43000030517578,282.29998779296875,69.31,281.97,19543.34,304.99,331.67,359.57,67.93,306.57,124.49802310880767,-1.57,303.28,-1.71
2025-08-08,66.58999633789062,282.29998779296875,68.36,281.9,19270.68,303.28,329.96,357.86,67.93,304.99,122.92414285444725,-1.71,301.73,-1.55
2025-08-11,66.62999725341797,282.0174255371094,67.52,281.76,19024.44,301.73,328.41,356.31,67.93,303.28,121.20918062483095,-1.55,300.86,-0.87
2025-08-12,66.12000274658203,283.5,67.01,281.83,18885.43,300.86,327.54,355.44,67.93,301.73,119.66031939718341,-0.87,300.31,-0.55
2025-08-13,65.62999725341797,282.20001220703125,66.56,282.43,18798.54,300.31,326.99,354.89,67.93,300.86,118.78599067848315,-0.55,300.1,-0.21
2025-08-14,66.83999633789062,282.20001220703125,66.45,282.4,18765.48,300.1,326.78,354.68,67.93,300.31,118.23948373137428,-0.21,299.82,-0.28
2025-08-15,65.8499984741211,282.0,66.3,282.36,18720.47,299.82,326.5,354.4,67.93,300.1,118.0315371697057,-0.28,299.83,0.01
2025-08-18,66.5999984741211,281.9206237792969,66.32,282.31,18722.8,299.83,326.51,354.41,67.93,299.82,117.74841968211238,0.01,299.6,-0.23
2025-08-19,65.79000091552734,281.75,66.21,282.23,18686.45,299.6,326.28,354.18,67.93,299.83,117.76308251618056,-0.23,299.64,0.04
2025-08-20,66.83999633789062,281.70001220703125,66.24,282.18,18691.6,299.64,326.32,354.22,67.93,299.6,117.53444180970772,0.03,299.94,0.3
2025-08-21,67.66999816894531,282.0155334472656,66.46,281.97,18739.73,299.94,326.62,354.52,67.93,299.64,117.56686521539496,0.3,300.43,0.49
2025-08-22,67.7300033569336,281.6000061035156,66.76,281.88,18818.31,300.43,327.11,355.01,67.93,299.94,117.86955034059389,0.49,300.75,0.32
2025-08-25,68.80000305175781,279.2229919433594,67.04,281.46,18869.08,300.75,327.43,355.33,67.93,300.43,118.36382094133485,0.32,301.09,0.34
2025-08-26,67.22000122070312,281.6499938964844,67.24,281.41,18922.01,301.09,327.77,355.67,67.93,300.75,118.683152710599,0.33,301.42,0.33
2025-08-27,68.05000305175781,281.6499938964844,67.44,281.37,18975.59,301.42,328.1,356.0,67.93,301.09,119.01607301225886,0.34,302.14,0.72
2025-08-28,68.62000274658203,281.6000061035156,67.85,281.35,19089.6,302.14,328.82,356.72,67.93,301.42,119.35310937372238,0.72,302.48,0.34
2025-08-29,68.12000274658203,282.0981750488281,68.03,281.41,19144.32,302.48,329.16,357.06,67.93,302.14,120.07017869385548,0.34,302.85,0.37
2025-09-02,69.13999938964844,281.9790344238281,68.24,281.4,19202.74,302.85,329.53,357.43,67.93,302.48,120.41438796882767,0.37,302.81,-0.04
2025-09-03,67.5999984741211,281.54998779296875,68.22,281.39,19196.43,302.81,329.49,357.39,67.93,302.85,120.78179976979249,-0.04,302.5,-0.31
2025-09-04,66.98999786376953,281.54998779296875,67.96,281.73,19146.37,302.5,329.18,357.08,67.93,302.81,120.74210973224224,-0.31,302.12,-0.38
2025-09-05,65.5,282.5085754394531,67.72,281.85,19086.88,302.12,328.8,356.7,67.93,302.5,120.42727267009253,-0.37,301.61,-0.51
2025-09-08,66.0199966430664,281.6527099609375,67.43,281.85,19005.15,301.61,328.29,356.19,67.93,302.12,120.05309868102425,-0.51,301.03,-0.58
2025-09-09,66.38999938964844,281.50091552734375,67.11,281.83,18913.61,301.03,327.71,355.61,67.93,301.61,119.53899060929511,-0.58,300.83,-0.2
2025-09-10,67.48999786376953,281.29998779296875,67.02,281.72,18880.87,300.83,327.51,355.41,67.93,301.03,118.96325674426211,-0.21,300.08,-0.75
2025-09-11,66.37000274658203,281.29998779296875,66.62,281.62,18761.52,300.08,326.76,354.66,67.93,300.83,118.75734745608132,-0.75,299.92,-0.16
2025-09-12,66.98999786376953,281.3500061035156,66.54,281.59,18737.0,299.92,326.6,354.5,67.93,300.08,118.00665714806873,-0.15,300.1,0.18
2025-09-15,67.44000244140625,282.6598815917969,66.6,281.75,18764.55,300.1,326.78,354.68,67.93,299.92,117.85239422091114,0.17,300.76,0.66
2025-09-16,68.47000122070312,281.20001220703125,67.02,281.57,18870.82,300.76,327.44,355.34,67.93,300.1,118.02568763483806,0.67,301.23,0.47
2025-09-17,67.94999694824219,281.25,67.3,281.51,18945.62,301.23,327.91,355.81,67.93,300.76,118.69411587110895,0.47,301.48,0.25
2025-09-18,67.44000244140625,281.25,67.45,281.47,18985.15,301.48,328.16,356.06,67.93,301.23,119.16460465321065,0.25,301.27,-0.21
2025-09-19,66.68000030517578,281.20001220703125,67.33,281.46,18950.7,301.27,327.95,355.85,67.93,301.48,119.41323189946351,-0.22,301.41,0.14
2025-09-22,66.56999969482422,282.7662658691406,67.36,281.67,18973.29,301.41,328.09,355.99,67.93,301.27,119.19654940341034,0.14,301.56,0.15
2025-09-23,67.62999725341797,281.20001220703125,67.45,281.65,18997.29,301.56,328.24,356.14,67.93,301.41,119.33863271839836,0.15,301.95,0.39
2025-09-24,69.30999755859375,281.25,67.72,281.45,19059.79,301.95,328.63,356.53,67.93,301.56,119.48959663368703,0.39,302.19,0.24
2025-09-25,69.41999816894531,281.1000061035156,67.86,281.43,19097.84,302.19,328.87,356.77,67.93,301.95,119.88271997081522,0.24,302.73,0.54
2025-09-26,70.12999725341797,281.1000061035156,68.17,281.41,19183.72,302.73,329.41,357.31,67.93,302.19,120.12202129733879,0.54,302.84,0.11
2025-09-29,67.97000122070312,280.95843505859375,68.24,281.37,19200.69,302.84,329.52,357.42,67.93,302.73,120.66219061935882,0.11,302.92,0.08
2025-09-30,67.0199966430664,281.1000061035156,68.29,281.35,19213.39,302.92,329.6,357.5,67.93,302.84,120.76892324529679,0.08,302.51,-0.41
2025-10-01,65.3499984741211,281.0,68.12,281.1,19148.53,302.51,329.19,357.09,67.93,302.92,120.84882097278395,-0.41,301.61,-0.9
2025-10-02,64.11000061035156,281.0,67.62,281.07,19005.95,301.61,328.29,356.19,67.93,302.51,120.44086623434623,-0.9,300.38,-1.23
2025-10-03,64.52999877929688,281.04998779296875,66.93,281.04,18810.01,300.38,327.06,354.96,67.93,301.61,119.54407215684303,-1.23,299.44,-0.94
2025-10-06,65.47000122070312,281.8876647949219,66.37,281.16,18660.59,299.44,326.12,354.02,67.93,300.38,118.31160535138096,-0.94,298.25,-1.19
2025-10-07,65.44999694824219,281.04998779296875,65.7,281.15,18471.56,298.25,324.93,352.83,67.93,299.44,117.37179266229316,-1.19,297.89,-0.36
2025-10-08,66.25,282.2577209472656,65.45,281.34,18413.7,297.89,324.57,352.47,67.93,298.25,116.18280110952469,-0.36,297.43,-0.46
2025-10-09,65.22000122070312,280.8999938964844,65.2,281.31,18341.41,297.43,324.11,352.01,67.93,297.89,115.8189223018234,-0.45,296.9,-0.53
2025-10-10,62.72999954223633,283.4219055175781,64.82,281.65,18256.55,296.9,323.58,351.48,67.93,297.43,115.36422474793537,-0.53,296.7,-0.2
2025-10-13,63.31999969482422,280.9228515625,64.71,281.64,18224.92,296.7,323.38,351.28,67.93,296.9,114.83047670564258,-0.2,296.21,-0.49
2025-10-14,62.38999938964844,281.9342041015625,64.4,281.77,18145.99,296.21,322.89,350.79,67.93,296.7,114.63153842767016,-0.5,295.27,-0.94
2025-10-15,61.90999984741211,281.0,63.9,281.64,17996.8,295.27,321.95,349.85,67.93,296.21,114.13504248775058,-0.94,294.14,-1.13
2025-10-16,61.060001373291016,280.8999938964844,63.27,281.62,17818.1,294.14,320.82,348.72,67.93,295.27,113.19665129853384,-1.12,292.8,-1.34
2025-10-17,61.290000915527344,280.79998779296875,62.56,281.41,17605.01,292.8,319.48,347.38,67.93,294.14,112.07266883455883,-1.34,291.83,-0.97
2025-10-20,61.0099983215332,282.4516296386719,61.96,281.63,17449.79,291.83,318.51,346.41,67.93,292.8,110.73238440878815,-0.98,291.38,-0.45
2025-10-21,61.31999969482422,281.7432861328125,61.76,281.39,17378.65,291.38,318.06,345.96,67.93,291.83,109.75611087698995,-0.45,291.18,-0.2
2025-10-22,62.59000015258789,280.79998779296875,61.65,281.38,17347.08,291.18,317.86,345.76,67.93,291.38,109.3086000742199,-0.2,292.04,0.86
2025-10-23,65.98999786376953,280.8999938964844,62.17,281.23,17484.07,292.04,318.72,346.62,67.93,291.18,109.11003415373585,0.86,293.03,0.99
2025-10-24,65.94000244140625,280.70001220703125,62.74,281.18,17641.23,293.03,319.71,347.61,67.93,292.04,109.97169013818741,0.99,294.22,1.19
2025-10-27,65.62000274658203,281.5095520019531,63.39,281.27,17829.71,294.22,320.9,348.8,67.93,293.03,110.96022442086462,1.19,295.01,0.79
2025-10-28,64.4000015258789,280.70001220703125,63.84,281.26,17955.64,295.01,321.69,349.59,67.93,294.22,112.14568046444047,0.79,295.9,0.89
2025-10-29,64.91999816894531,280.7099914550781,64.4,281.01,18097.04,295.9,322.58,350.48,67.93,295.01,112.93777730254675,0.89,296.76,0.86
2025-10-30,65.0,280.70001220703125,64.92,280.86,18233.43,296.76,323.44,351.34,67.93,295.9,113.82719341832981,0.86,297.38,0.62
2025-10-31,65.06999969482422,280.6000061035156,65.28,280.83,18332.58,297.38,324.06,351.96,67.93,296.76,114.68504468918844,0.62,297.1,-0.28
2025-11-03,64.88999938964844,281.0022888183594,65.12,280.85,18288.95,297.1,323.78,351.68,67.93,297.38,115.30868813173404,-0.27,296.73,-0.37
2025-11-04,64.44000244140625,280.6000061035156,64.91,280.83,18228.68,296.73,323.41,351.31,67.93,297.1,115.0342606628215,-0.38,296.14,-0.59
2025-11-05,63.52000045776367,280.6000061035156,64.61,280.7,18136.03,296.14,322.82,350.72,67.93,296.73,114.65513092265405,-0.58,295.91,-0.23
2025-11-06,63.380001068115234,281.24237060546875,64.46,280.78,18099.08,295.91,322.59,350.49,67.93,296.14,114.07238956644254,-0.23,295.62,-0.29
2025-11-07,63.630001068115234,281.2913513183594,64.28,280.86,18053.68,295.62,322.3,350.2,67.93,295.91,113.83999194902725,-0.29,295.39,-0.23
2025-11-10,64.05999755859375,280.9674377441406,64.14,280.9,18016.93,295.39,322.07,349.97,67.93,295.62,113.55444658997278,-0.23,295.46,0.07
2025-11-11,65.16000366210938,281.5043029785156,64.15,281.03,18028.07,295.46,322.14,350.04,67.93,295.39,113.32326542421707,0.07,294.93,-0.53
2025-11-12,62.709999084472656,281.273681640625,63.84,281.07,17943.51,294.93,321.61,349.51,67.93,295.46,113.3933875096706,-0.53,294.57,-0.36
2025-11-13,63.0099983215332,280.54998779296875,63.64,281.06,17886.66,294.57,321.25,349.15,67.93,294.93,112.861484272299,-0.36,294.78,0.21
2025-11-14,64.38999938964844,280.5,63.76,281.05,17919.75,294.78,321.46,349.36,67.93,294.57,112.50390535075195,0.21,294.99,0.21
2025-11-17,64.19999694824219,281.15289306640625,63.88,281.03,17952.2,294.99,321.67,349.57,67.93,294.78,112.71203305930673,0.2,295.26,0.27
2025-11-18,64.88999938964844,280.4100036621094,64.06,280.91,17995.09,295.26,321.94,349.84,67.93,294.99,112.91612773371409,0.27,295.08,-0.18
2025-11-19,63.5099983215332,280.3999938964844,63.98,280.83,17967.5,295.08,321.76,349.66,67.93,295.26,113.18594979463732,-0.17,294.58,-0.5
2025-11-20,63.380001068115234,280.4100036621094,63.73,280.67,17887.1,294.58,321.26,349.16,67.93,295.08,113.01240604577731,-0.51,294.54,-0.04
2025-11-21,62.560001373291016,281.22760009765625,63.71,280.66,17880.85,294.54,321.22,349.12,67.93,294.58,112.50667727550051,-0.04,294.65,0.11
2025-11-24,63.369998931884766,280.9677734375,63.76,280.72,17898.71,294.65,321.33,349.23,67.93,294.54,112.46736274034986,0.11,294.14,-0.51
2025-11-25,62.47999954223633,280.25,63.48,280.69,17818.2,294.14,320.82,348.72,67.93,294.65,112.5796901633467,-0.51,293.82,-0.32
2025-11-26,63.130001068115234,280.14788818359375,63.33,280.54,17766.6,293.82,320.5,348.4,67.93,294.14,112.0733217181279,-0.32,293.44,-0.38
2025-11-28,63.20000076293945,281.1411437988281,63.09,280.65,17706.21,293.44,320.12,348.02,67.93,293.82,111.74874801084366,-0.38,293.35,-0.09
2025-12-01,63.16999816894531,280.34228515625,63.04,280.64,17691.55,293.35,320.03,347.93,67.93,293.44,111.36890752074069,-0.09,293.12,-0.23
2025-12-02,62.45000076293945,280.3999938964844,62.91,280.64,17655.06,293.12,319.8,347.7,67.93,293.35,111.27668048330995,-0.23,293.08,-0.04
2025-12-03,62.66999816894531,280.20001220703125,62.92,280.49,17648.43,293.08,319.76,347.66,67.93,293.12,111.04720763332851,-0.04,293.01,-0.07
2025-12-04,63.2599983215332,280.20001220703125,62.91,280.38,17638.71,293.01,319.69,347.59,67.93,293.08,111.00549604684662,-0.06,293.33,0.32
2025-12-05,63.75,280.20001220703125,63.09,280.38,17689.17,293.33,320.01,347.91,67.93,293.01,110.94432752363402,0.32,293.1,-0.23
2025-12-08,62.4900016784668,278.9312438964844,63.0,280.2,17652.6,293.1,319.78,347.68,67.93,293.33,111.26176479837976,-0.23,292.79,-0.31
2025-12-09,61.939998626708984,281.26373291015625,62.82,280.22,17603.42,292.79,319.47,347.37,67.93,293.1,111.0317195745564,-0.31,292.53,-0.26
2025-12-10,62.209999084472656,280.0,62.68,280.17,17561.06,292.53,319.21,347.11,67.93,292.79,110.72238862296919,-0.27,292.19,-0.34
2025-12-11,61.279998779296875,279.8626708984375,62.51,280.09,17508.43,292.19,318.87,346.77,67.93,292.53,110.45592155333455,-0.33,291.8,-0.39
2025-12-12,61.119998931884766,280.0,62.29,280.07,17445.56,291.8,318.48,346.38,67.93,292.19,110.12489008535289,-0.4,291.03,-0.77
2025-12-15,60.560001373291016,278.4433898925781,61.91,279.81,17323.04,291.03,317.71,345.61,67.93,291.8,109.72947662387492,-0.77,289.81,-1.22
2025-12-16,58.91999816894531,280.0,61.22,279.79,17128.74,289.81,316.49,344.39,67.93,291.03,108.95882745130103,-1.22,289.16,-0.65
2025-12-17,59.68000030517578,280.0,60.82,279.94,17025.95,289.16,315.84,343.74,67.93,289.81,107.73675709334726,-0.65,288.55,-0.61
2025-12-18,59.81999969482422,280.0,60.51,279.76,16928.28,288.55,315.23,343.13,67.93,289.16,107.09020737544579,-0.61,288.11,-0.44
2025-12-19,60.470001220703125,280.0,60.26,279.76,16858.34,288.11,314.79,342.69,67.93,288.55,106.47586029046398,-0.44,288.26,0.15
2025-12-22,62.06999969482422,278.8296813964844,60.38,279.61,16882.85,288.26,314.94,342.84,67.93,288.11,106.03595010912842,0.15,288.57,0.31
2025-12-23,62.380001068115234,279.8999938964844,60.56,279.6,16932.58,288.57,315.25,343.15,67.93,288.26,106.1901400743457,0.31,289.07,0.5
2025-12-24,62.2400016784668,279.8500061035156,60.8,279.8,17011.84,289.07,315.75,343.65,67.93,288.57,106.50289646323286,0.5,289.49,0.42
2025-12-26,60.63999938964844,279.8500061035156,61.04,279.78,17077.77,289.49,316.17,344.07,67.93,289.07,107.00145294898326,0.41,290.0,0.51
2025-12-29,61.939998626708984,278.8042907714844,61.37,279.6,17159.05,290.0,316.68,344.58,67.93,289.49,107.41614849012812,0.51,290.52,0.52
2025-12-30,61.91999816894531,279.8999938964844,61.67,279.59,17242.32,290.52,317.2,345.1,67.93,290.0,107.92739028977212,0.52,290.61,0.09
2025-12-31,60.849998474121094,279.8999938964844,61.72,279.58,17255.68,290.61,317.29,345.19,67.93,290.52,108.45110166240006,0.08,290.27,-0.34
2026-01-02,60.75,278.86895751953125,61.53,279.58,17202.56,290.27,316.95,344.85,67.93,290.61,108.53514815676753,-0.33,290.06,-0.21
2026-01-05,61.7599983215332,278.9871520996094,61.44,279.45,17169.41,290.06,316.74,344.64,67.93,290.27,108.20103153087987,-0.21,289.68,-0.38
2026-01-06,60.70000076293945,279.8500061035156,61.22,279.45,17107.93,289.68,316.36,344.26,67.93,290.06,107.99252769094329,-0.39,289.51,-0.17
2026-01-07,59.959999084472656,279.79998779296875,61.13,279.44,17082.17,289.51,316.19,344.09,67.93,289.68,107.60583569725827,-0.16,289.57,0.06
2026-01-08,61.9900016784668,279.75,61.13,279.58,17090.73,289.57,316.25,344.15,67.93,289.51,107.44379854956695,0.05,289.93,0.36
2026-01-09,63.34000015258789,279.75,61.34,279.56,17148.21,289.93,316.61,344.51,67.93,289.57,107.4976281079585,0.36,290.62,0.69
2026-01-12,63.869998931884766,278.7785949707031,61.77,279.4,17258.54,290.62,317.3,345.2,67.93,289.93,107.85919855082491,0.69,291.8,1.18
2026-01-13,65.47000122070312,278.78240966796875,62.44,279.39,17445.11,291.8,318.48,346.38,67.93,290.62,108.5531395648701,1.17,293.03,1.23
2026-01-14,66.5199966430664,279.7099914550781,63.12,279.49,17641.41,293.03,319.71,347.61,67.93,291.8,109.72665438054685,1.23,293.78,0.75
2026-01-15,63.7599983215332,279.5,63.56,279.44,17761.21,293.78,320.46,348.36,67.93,293.03,110.96132891368478,0.75,294.81,1.03
2026-01-16,64.12999725341797,279.54998779296875,64.15,279.4,17923.51,294.81,321.49,349.39,67.93,293.78,111.71483454622076,1.02,295.46,0.65
2026-01-20,64.91999816894531,278.35382080078125,64.57,279.2,18027.94,295.46,322.14,350.04,67.93,294.81,112.73569537131966,0.66,295.93,0.47
2026-01-21,65.23999786376953,279.6000061035156,64.84,279.18,18102.03,295.93,322.61,350.51,67.93,295.46,113.39256668784238,0.47,296.03,0.1
2026-01-22,64.05999755859375,279.6499938964844,64.87,279.31,18118.84,296.03,322.71,350.61,67.93,295.93,113.85856202079417,0.11,296.18,0.15
2026-01-23,65.87999725341797,279.5,64.93,279.41,18142.09,296.18,322.86,350.76,67.93,296.03,113.96428450124854,0.15,295.75,-0.43
2026-01-26,65.58999633789062,276.2947998046875,64.8,278.92,18074.02,295.75,322.43,350.33,67.93,296.18,114.11053293665522,-0.43,296.63,0.88
2026-01-27,67.56999969482422,278.22955322265625,65.34,278.74,18212.87,296.63,323.31,351.21,67.93,295.75,113.68235138722034,0.87,297.69,1.06
2026-01-28,68.4000015258789,279.5,65.95,278.73,18382.24,297.69,324.37,352.27,67.93,296.63,114.55572845578571,1.07,299.14,1.45
2026-01-29,70.70999908447266,278.2724304199219,66.78,278.72,18612.92,299.14,325.82,353.72,67.93,297.69,115.62104763282534,1.45,300.43,1.29
2026-01-30,70.69000244140625,278.3456115722656,67.56,278.54,18818.16,300.43,327.11,355.01,67.93,299.14,117.07197192223265,1.29,301.06,0.63
2026-02-02,66.30000305175781,280.6584777832031,67.88,278.69,18917.48,301.06,327.74,355.64,67.93,300.43,118.36290011132986,0.62,301.41,0.35
2026-02-03,67.33000183105469,279.5,68.08,278.69,18973.22,301.41,328.09,355.99,67.93,301.06,118.98757256882637,0.35,302.51,1.1
2026-02-04,69.45999908447266,278.1883544921875,68.64,278.96,19147.81,302.51,329.19,357.09,67.93,301.41,119.33815469189304,1.1,302.48,-0.03
2026-02-05,67.55000305175781,278.1927490234375,68.63,278.95,19144.34,302.48,329.16,357.06,67.93,302.51,120.43635265776447,-0.02,302.39,-0.09
2026-02-06,68.05000305175781,279.3999938964844,68.58,278.94,19129.71,302.39,329.07,356.97,67.93,302.48,120.41448986395113,-0.09,301.94,-0.45
2026-02-09,69.04000091552734,277.4590148925781,68.35,278.82,19057.35,301.94,328.62,356.52,67.93,302.39,120.32244900526459,-0.46,301.53,-0.41
2026-02-10,68.80000305175781,279.3999938964844,68.08,278.97,18992.28,301.53,328.21,356.11,67.93,301.94,119.86732877530866,-0.41,302.23,0.7
2026-02-11,69.4000015258789,279.5,68.52,278.81,19104.06,302.23,328.91,356.81,67.93,301.53,119.45805380314115,0.7,302.27,0.04
2026-02-12,67.5199966430664,279.29998779296875,68.55,278.78,19110.37,302.27,328.95,356.85,67.93,302.23,120.1611527986565,0.04,301.9,-0.37
2026-02-13,67.75,279.29998779296875,68.3,278.94,19051.6,301.9,328.58,356.48,67.93,302.27,120.20082774063287,-0.37,301.87,-0.03
2026-02-17,67.41999816894531,278.2947082519531,68.28,278.95,19046.71,301.87,328.55,356.45,67.93,301.9,119.83119374540057,-0.03,302.35,0.48
2026-02-18,70.3499984741211,277.84844970703125,68.61,278.73,19123.67,302.35,329.03,356.93,67.93,301.87,119.80039877474258,0.48,303.14,0.79
2026-02-19,71.66000366210938,279.3500061035156,68.99,279.0,19248.21,303.14,329.82,357.72,67.93,302.35,120.28445910671942,0.78,303.87,0.73
2026-02-20,71.76000213623047,279.29998779296875,69.41,278.98,19364.0,303.87,330.55,358.45,67.93,303.14,121.06782315535233,0.73,304.27,0.4
2026-02-23,71.48999786376953,277.4962463378906,69.71,278.7,19428.18,304.27,330.95,358.85,67.93,303.87,121.79613301716495,0.4,304.96,0.69
2026-02-24,70.7699966430664,277.416259765625,70.17,278.43,19537.43,304.96,331.64,359.54,67.93,304.27,122.1997836301081,0.69,305.67,0.71
2026-02-25,70.8499984741211,278.35076904296875,70.61,278.29,19650.06,305.67,332.35,360.25,67.93,304.96,122.88698509941067,0.71,306.45,0.78
2026-02-26,70.75,277.3608093261719,71.09,278.16,19774.39,306.45,333.13,361.03,67.93,305.67,123.59536880373867,0.78,307.06,0.61
2026-02-27,72.4800033569336,279.25,71.39,278.36,19872.12,307.06,333.74,361.64,67.93,306.45,124.37742960116238,0.61,308.48,1.42
2026-03-02,77.73999786376953,277.69110107421875,72.26,278.12,20096.95,308.48,335.16,363.06,67.93,307.06,124.9921087887689,1.41,310.89,2.41
2026-03-03,81.4000015258789,279.20001220703125,73.64,278.11,20480.02,310.89,337.57,365.47,67.93,308.48,126.40625459943269,2.41,313.47,2.58
2026-03-04,81.4000015258789,279.0,75.06,278.32,20890.7,313.47,340.15,368.05,67.93,310.89,128.81569184901912,2.58,317.24,3.77
2026-03-05,85.41000366210938,279.04998779296875,77.15,278.56,21490.9,317.24,343.92,371.82,67.93,313.47,131.39878858019839,3.78,322.69,5.45
2026-03-06,92.69000244140625,278.0475158691406,80.27,278.51,22356.0,322.69,349.37,377.27,67.93,317.24,135.1739701988213,5.44,329.68,6.99
2026-03-09,98.95999908447266,276.4617919921875,84.3,278.39,23468.28,329.68,356.36,384.26,67.93,322.69,140.61525596432412,7.0,333.5,3.82
2026-03-10,87.80000305175781,279.04998779296875,86.49,278.36,24075.36,333.5,360.18,388.08,67.93,329.68,147.6112952631347,3.82,337.15,3.65
2026-03-11,91.9800033569336,279.0,88.52,278.54,24656.36,337.15,363.83,391.73,67.93,333.5,151.42971689509207,3.65,341.91,4.76
2026-03-12,100.45999908447266,279.04998779296875,91.24,278.52,25412.16,341.91,368.59,396.49,67.93,337.15,155.0841314069704,4.75,347.36,5.45
2026-03-13,103.13999938964844,278.94793701171875,94.35,278.52,26278.36,347.36,374.04,401.94,67.93,341.91,159.83800436513678,5.45,350.94,3.58
2026-03-16,100.20999908447266,277.8056640625,96.46,278.34,26848.68,350.94,377.62,405.52,67.93,347.36,165.28623094970027,3.59,353.72,2.78
2026-03-17,103.41999816894531,279.0,98.0,278.47,27290.06,353.72,380.4,408.3,67.93,350.94,168.87340725971305,2.78,356.05,2.33
2026-03-18,107.37999725341797,279.0,99.2,278.84,27660.93,356.05,382.73,410.63,67.93,353.72,171.64963173089626,2.33,361.28,5.23
2026-03-19,108.6500015258789,279.04998779296875,102.18,278.84,28491.87,361.28,387.96,415.86,67.93,356.05,173.98232559894834,5.23,366.31,5.03
2026-03-20,112.19000244140625,278.79998779296875,105.06,278.81,29291.78,366.31,392.99,420.89,67.93,361.28,179.2088107832716,5.03,366.02,-0.29
2026-03-23,99.94000244140625,277.3409729003906,104.99,278.56,29246.01,366.02,392.7,420.6,67.93,366.31,184.24008629636387,-0.29,366.36,0.34
2026-03-24,104.48999786376953,279.0,105.18,278.57,29299.99,366.36,393.04,420.94,67.93,366.02,183.95223760433242,0.34,366.84,0.48
2026-03-25,102.22000122070312,277.4689636230469,105.47,278.52,29375.5,366.84,393.52,421.42,67.93,366.36,184.29175089787216,0.47,367.97,1.13
2026-03-26,108.01000213623047,278.79998779296875,106.13,278.49,29556.14,367.97,394.65,422.55,67.93,366.84,184.76670671186952,1.14,369.12,1.15
2026-03-27,112.56999969482422,277.4356689453125,106.87,278.27,29738.71,369.12,395.8,423.7,67.93,367.97,185.90289583425061,1.15,369.94,0.82
2026-03-30,112.77999877929688,276.798583984375,107.46,277.95,29868.51,369.94,396.62,424.52,67.93,369.12,187.05123626460025,0.82,371.44,1.5
2026-03-31,118.3499984741211,278.38812255859375,108.34,277.89,30106.6,371.44,398.12,426.02,67.93,369.94,187.86760552749595,1.5,371.87,0.43
2026-04-01,101.16000366210938,278.75,108.51,278.09,30175.55,371.87,398.55,426.45,67.93,371.44,189.36518457483945,0.43,372.99,1.12
2026-04-02,109.02999877929688,278.79998779296875,109.16,278.06,30353.03,372.99,399.67,427.57,67.93,371.87,189.79882569015075,1.12,374.83,1.84
2026-04-06,109.7699966430664,277.0132141113281,110.24,278.0,30646.72,374.83,401.51,429.41,67.93,372.99,190.91516664884549,1.85,375.15,0.32
2026-04-07,109.2699966430664,278.79998779296875,110.42,278.0,30696.76,375.15,401.83,429.73,67.93,374.83,192.7624271166825,0.31,370.82,-4.33
2026-04-08,94.75,278.75,107.87,278.19,30008.36,370.82,397.5,425.4,67.93,375.15,193.07716983149567,-4.33,366.78,-4.04
2026-04-09,95.91999816894531,278.70001220703125,105.46,278.46,29366.39,366.78,393.46,421.36,67.93,370.82,188.74722650279583,-4.04,361.03,-5.75
2026-04-10,95.19999694824219,278.75,102.16,278.51,28452.58,361.03,387.71,415.61,67.93,366.78,184.70938881795365,-5.75,360.43,-0.6
2026-04-13,99.36000061035156,277.1419677734375,101.9,278.28,28356.73,360.43,387.11,415.01,67.93,361.03,178.96168617559925,-0.6,356.87,-3.56
2026-04-14,94.79000091552734,278.75,99.87,278.27,27790.82,356.87,383.55,411.45,67.93,360.43,178.358809210816,-3.56,353.31,-3.56
2026-04-15,94.93000030517578,278.70001220703125,97.75,278.51,27224.35,353.31,379.99,407.89,67.93,356.87,174.79935403523558,-3.56,350.8,-2.51
2026-04-16,99.38999938964844,278.6000061035156,96.33,278.48,26825.98,350.8,377.48,405.38,67.93,353.31,171.23634322303081,-2.51,349.71,-1.09
2026-04-17,90.37999725341797,278.6499938964844,95.71,278.47,26652.36,349.71,376.39,404.29,67.93,350.8,168.73064087000824,-1.09,349.6,-0.11
2026-04-20,95.4800033569336,278.6259460449219,95.65,278.46,26634.7,349.6,376.28,404.18,67.93,349.71,167.63863523432735,-0.11,350.4,0.8
2026-04-21,98.4800033569336,278.5,96.12,278.42,26761.73,350.4,377.08,404.98,67.93,349.6,167.5275274079013,0.8,351.15,0.75
2026-04-22,101.91000366210938,278.54998779296875,96.48,278.63,26882.22,351.15,377.83,405.73,67.93,350.4,168.32653235799157,0.76,353.71,2.56
2026-04-23,105.06999969482422,278.6000061035156,97.95,278.6,27288.87,353.71,380.39,408.29,67.93,351.15,169.0844056432287,2.56,356.29,2.58
2026-04-24,105.33000183105469,278.5,99.43,278.58,27699.21,356.29,382.97,410.87,67.93,353.71,171.64214684219468,2.58,358.37,2.08
2026-04-27,108.2300033569336,276.9523620605469,100.7,278.34,28028.84,358.37,385.05,412.95,67.93,356.29,174.22310880763837,2.07,363.57,5.2
2026-04-28,111.26000213623047,278.5,103.68,278.32,28856.22,363.57,390.25,418.15,67.93,358.37,176.2964141722279,5.2,369.19,5.62
2026-04-29,118.02999877929688,278.45001220703125,106.9,278.29,29749.2,369.19,395.87,423.77,67.93,363.57,181.50048494531,5.62,373.07,3.88
2026-04-30,114.01000213623047,278.5,109.12,278.29,30367.0,373.07,399.75,427.65,67.93,369.19,187.11719197167068,3.89,374.51,1.44
2026-05-01,108.16999816894531,277.3690185546875,110.01,278.12,30595.98,374.51,401.19,429.09,67.93,373.07,191.00306817538544,1.44,376.86,2.35
2026-05-04,114.44000244140625,278.54998779296875,111.35,278.12,30968.66,376.86,403.54,431.44,67.93,374.51,192.44328907394947,2.34,377.99,1.13
2026-05-05,109.87000274658203,278.5,112.0,278.12,31149.44,377.99,404.67,432.57,67.93,376.86,194.78738513211772,1.14,376.29,-1.7
2026-05-06,101.2699966430664,277.2386169433594,111.01,278.16,30878.54,376.29,402.97,430.87,67.93,377.99,195.924446652871,-1.7,373.49,-2.8
2026-05-07,100.05999755859375,278.5,109.41,278.16,30433.49,373.49,400.17,428.07,67.93,376.29,194.22054381804804,-2.8,369.24,-4.25
2026-05-08,101.29000091552734,277.7521057128906,107.02,278.06,29757.98,369.24,395.92,423.82,67.93,373.49,191.42122060294238,-4.25,366.61,-2.63
2026-05-11,104.20999908447266,276.6022644042969,105.62,277.79,29340.18,366.61,393.29,421.19,67.93,369.24,187.1724178706435,-2.63,366.6,-0.01
2026-05-12,107.7699966430664,278.29998779296875,105.56,277.92,29337.24,366.6,393.28,421.18,67.93,366.61,184.54452125016513,-0.02,364.27,-2.33
2026-05-13,105.62999725341797,277.24407958984375,104.3,277.73,28967.24,364.27,390.95,418.85,67.93,366.6,184.52600023901329,-2.33,363.23,-1.04
2026-05-14,105.72000122070312,278.29998779296875,103.71,277.71,28801.3,363.23,389.91,417.81,67.93,364.27,182.1987898381629,-1.04,365.31,2.08
2026-05-15,109.26000213623047,278.25,104.85,277.85,29132.57,365.31,391.99,419.89,67.93,363.23,181.1550887808437,2.08,368.23,2.92
2026-05-18,112.0999984741211,277.6938171386719,106.57,277.73,29597.69,368.23,394.91,422.81,67.93,365.31,183.23870819626765,2.93,370.79,2.56
2026-05-19,111.27999877929688,278.29998779296875,108.0,277.81,30003.48,370.79,397.47,425.37,67.93,368.23,186.16419015391196,2.55,371.04,0.25
2026-05-20,105.0199966430664,277.1835632324219,108.11,277.9,30043.77,371.04,397.72,425.62,67.93,370.79,188.71656173146232,0.25,369.73,-1.31
2026-05-21,102.58000183105469,278.20001220703125,107.37,277.88,29835.98,369.73,396.41,424.31,67.93,371.04,188.9699723876795,-1.31,369.31,-0.42
2026-05-22,103.54000091552734,278.25,107.07,278.03,29768.67,369.31,395.99,423.89,67.93,369.73,187.66298879782624,-0.42,367.65,-1.66
2026-05-26,99.58000183105469,277.038330078125,106.19,277.85,29504.89,367.65,394.33,422.23,67.93,369.31,187.23966173334924,-1.66,363.92,-3.73
2026-05-27,94.29000091552734,278.20001220703125,104.06,277.84,28912.03,363.92,390.6,418.5,67.93,367.65,185.58052859667774,-3.73,359.27,-4.65
2026-05-28,93.70999908447266,277.15985107421875,101.43,277.76,28173.2,359.27,385.95,413.85,67.93,363.92,181.85153754709506,-4.65,354.46,-4.81
2026-05-29,92.05000305175781,278.25,98.68,277.75,27408.37,354.46,381.14,409.04,67.93,359.27,177.20440539163582,-4.81,352.06,-2.4
2026-06-01,94.9800033569336,278.20001220703125,97.25,277.9,27025.78,352.06,378.74,406.64,67.93,354.46,172.393780623573,-2.41,350.32,-1.74
2026-06-02,96.0,277.0572204589844,96.31,277.74,26749.14,350.32,377.0,404.9,67.93,352.06,169.9873260077868,-1.74,348.86,-1.46
2026-06-03,97.80999755859375,278.0,95.49,277.7,26517.57,348.86,375.54,403.44,67.93,350.32,168.24733720367075,-1.46,347.83,-1.03
2026-06-04,95.02999877929688,278.20001220703125,94.84,277.87,26353.19,347.83,374.51,402.41,67.93,348.86,166.79082566499147,-1.03,347.41,-0.42
2026-06-05,93.08999633789062,276.84222412109375,94.67,277.67,26287.02,347.41,374.09,401.99,67.93,347.83,165.7568908149723,-0.42,347.63,0.22
2026-06-08,94.25,278.25,94.74,277.83,26321.61,347.63,374.31,402.21,67.93,347.41,165.34068131356653,0.22,347.49,-0.14
2026-06-09,91.44999694824219,278.25,94.66,277.83,26299.39,347.49,374.17,402.07,67.93,347.63,165.55827960776665,-0.14,347.0,-0.49
2026-06-10,93.0999984741211,278.0,94.39,277.8,26221.54,347.0,373.68,401.58,67.93,347.49,165.41847949832373,-0.49,345.6,-1.4
2026-06-11,90.37999725341797,277.0045166015625,93.59,277.79,25998.37,345.6,372.28,400.18,67.93,347.0,164.92884323875538,-1.4,342.87,-2.73
2026-06-12,87.33000183105469,276.7464599609375,92.09,277.61,25565.1,342.87,369.55,397.45,67.93,345.6,163.52510645524478,-2.73,339.81,-3.06
2026-06-15,83.16999816894531,276.8097229003906,90.4,277.41,25077.86,339.81,366.49,394.39,67.93,342.87,160.79997043783456,-3.06,336.29,-3.52
2026-06-16,78.95999908447266,276.86956787109375,88.38,277.42,24518.38,336.29,362.97,390.87,67.93,339.81,157.73531169215096,-3.52,332.6,-3.69
2026-06-17,79.55000305175781,277.95001220703125,86.28,277.38,23932.35,332.6,359.28,387.18,67.93,336.29,154.21625415914508,-3.69,329.6,-3.0
2026-06-18,79.8499984741211,276.8902282714844,84.62,277.18,23454.97,329.6,356.28,384.18,67.93,332.6,150.53020938818898,-3.0,325.73,-3.87
2026-06-22,77.9000015258789,276.77069091796875,82.45,277.01,22839.47,325.73,352.41,380.31,67.93,329.6,147.527606659664,-3.87,322.4,-3.33
2026-06-23,77.08000183105469,276.8365173339844,80.55,276.98,22310.74,322.4,349.08,376.98,67.93,325.73,143.65623918936768,-3.33,319.06,-3.34
2026-06-24,73.73999786376953,277.2627258300781,78.61,277.06,21779.69,319.06,345.74,373.64,67.93,322.4,140.33058677753527,-3.34,317.15,-1.91
2026-06-25,75.26000213623047,277.70001220703125,77.48,277.18,21475.91,317.15,343.83,371.73,67.93,319.06,136.99036147609553,-1.91,315.36,-1.79
2026-06-26,71.98999786376953,276.1874694824219,76.48,277.09,21191.84,315.36,342.04,369.94,67.93,317.15,135.07963795782047,-1.79,313.72,-1.64
2026-06-29,73.1500015258789,277.14617919921875,75.57,276.97,20930.62,313.72,340.4,368.3,67.93,315.36,133.29293086856157,-1.64,311.95,-1.77
2026-06-30,72.91999816894531,276.2064514160156,74.58,276.87,20648.96,311.95,338.63,366.53,67.93,313.72,131.64990156427885,-1.77,310.33,-1.62
2026-07-01,71.56999969482422,276.2325744628906,73.67,276.8,20391.86,310.33,337.01,364.91,67.93,311.95,129.87832086900187,-1.62,309.1,-1.23
2026-07-02,71.80000305175781,278.0,72.92,276.96,20195.92,309.1,335.78,363.68,67.93,310.33,128.26115342763873,-1.23,308.63,-0.47
2026-07-06,71.98999786376953,276.705810546875,72.67,276.88,20120.87,308.63,335.31,363.21,67.93,309.1,127.02877090579732,-0.47,308.24,-0.39
2026-07-07,74.16000366210938,276.0443420410156,72.51,276.65,20059.89,308.24,334.92,362.82,67.93,308.63,126.55669708844121,-0.38,309.85,1.61
2026-07-08,78.0199966430664,277.79998779296875,73.37,276.88,20314.69,309.85,336.53,364.43,67.93,308.24,126.17315566681555,1.6,310.67,0.82
2026-07-09,76.30000305175781,277.75,73.82,276.96,20445.19,310.67,337.35,365.25,67.93,309.85,127.77576531414519,0.82,311.54,0.87
2026-07-10,76.01000213623047,277.70001220703125,74.26,277.18,20583.39,311.54,338.22,366.12,67.93,310.67,128.59659720606086,0.87,314.51,2.97
2026-07-13,83.30000305175781,276.86309814453125,75.94,277.27,21055.88,314.51,341.19,369.09,67.93,311.54,129.4658481511067,2.97,317.71,3.2
2026-07-14,84.7300033569336,277.70001220703125,77.79,277.22,21564.94,317.71,344.39,372.29,67.93,314.51,132.43777038374208,3.2,321.01,3.3
2026-07-15,84.94999694824219,277.75,79.64,277.37,22089.75,321.01,347.69,375.59,67.93,317.71,135.6396673941895,3.3,323.47,2.46
2026-07-16,84.2300033569336,275.3025817871094,81.08,277.27,22481.05,323.47,350.15,378.05,67.93,321.01,138.9405850792832,2.46,325.97,2.5
2026-07-17,88.0999984741211,277.70001220703125,82.52,277.25,22878.67,325.97,352.65,380.55,67.93,323.47,141.4018227905426,2.5,329.08,3.11
2026-07-20,89.22000122070312,276.3172912597656,84.36,277.05,23371.94,329.08,355.76,383.66,67.93,325.97,143.90277192474855,3.1,332.72,3.64
2026-07-21,91.01000213623047,276.4831848144531,86.51,276.87,23952.02,332.72,359.4,387.3,67.93,329.08,147.00534005925013,3.65,335.44,2.72
2026-07-22,94.06999969482422,277.5,88.04,276.96,24383.56,335.44,362.12,390.02,67.93,332.72,150.6539761112544,2.71,339.4,3.96
2026-07-23,100.69000244140625,277.54998779296875,90.32,276.94,25013.22,339.4,366.08,393.98,67.93,335.44,153.36825275022488,3.96,342.28,2.88
2026-07-24,96.77999877929688,277.00189208984375,92.01,276.84,25472.05,342.28,368.96,396.86,67.93,339.4,157.3287174423066,2.89,343.41,1.13
2026-07-27,88.36000061035156,276.45440673828125,92.6,277.0,25650.2,343.41,370.09,397.99,67.93,342.28,160.2146615761037,1.12,342.39,-1.02
2026-07-28,84.08999633789062,277.5,92.03,276.97,25489.55,342.39,369.07,396.97,67.93,343.41,161.33520350720497,-1.01,342.88,0.49
2026-07-29,90.73999786376953,277.510009765625,92.25,277.14,25566.16,342.88,369.56,397.46,67.93,342.39,160.32473787164992,0.48,342.48,-0.4
2026-07-30,89.02999877929688,277.54998779296875,91.97,277.3,25503.28,342.48,369.16,397.06,67.93,342.88,160.80663827860138,-0.4,341.39,-1.09
2026-07-31,90.12000274658203,276.3665771484375,91.4,277.13,25329.68,341.39,368.07,395.97,67.93,342.48,160.41110908439055,-1.09,337.01,-4.38
2026-08-03,83.7699966430664,275.5045166015625,88.98,276.84,24633.22,337.01,363.69,391.59,67.93,341.39,159.31920219892194,-4.38,332.66,-4.35
2026-08-04,79.36000061035156,276.61651611328125,86.5,276.79,23942.34,332.66,359.34,387.24,67.93,337.01,154.93860001132168,-4.35,330.5,-2.16
2026-08-05,79.44999694824219,277.3999938964844,85.22,276.92,23599.12,330.5,357.18,385.08,67.93,332.66,150.59303590859633,-2.16,330.09,-0.41
2026-08-06,82.48999786376953,277.29998779296875,84.99,276.89,23532.88,330.09,356.77,384.67,67.93,330.5,148.4342895960047,-0.42,328.21,-1.88
2026-08-07,83.55000305175781,276.171630859375,83.97,276.7,23234.5,328.21,354.89,382.79,67.93,330.09,148.0176435809217,-1.88,327.72,-0.49
2026-08-10,87.72000122070312,275.4126281738281,83.78,276.4,23156.79,327.72,354.4,382.3,67.93,328.21,146.1408731531509,-0.49,327.42,-0.3
2026-08-11,88.91000366210938,276.29833984375,83.61,276.39,23108.97,327.42,354.1,382.0,67.93,327.72,145.6521099209369,-0.3,351.13,23.71
2026-08-12,88.9800033569336,277.25,84.35,276.64,23334.58,351.13,378.36,405.32,45.64,327.42,145.35130482366483,1.42,353.09,1.96
2026-08-13,87.06999969482422,277.29998779296875,85.45,276.73,23646.58,353.09,380.32,407.28,45.64,351.13,146.7703900318894,1.96,355.28,2.19
2026-08-14,88.5199966430664,276.4072570800781,86.75,276.59,23994.18,355.28,382.51,409.47,45.64,353.09,148.73278003861952,2.19,357.27,1.99
2026-08-17,90.87000274658203,276.0369873046875,87.95,276.41,24310.26,357.27,384.5,411.46,45.64,355.28,150.9191474774667,1.99,359.11,1.84
2026-08-18,91.0199966430664,276.1922607421875,89.01,276.41,24603.25,359.11,386.34,413.3,45.64,357.27,152.90721568430126,1.84,360.15,1.04
2026-08-19,91.62000274658203,276.18756103515625,89.57,276.52,24767.9,360.15,387.38,414.34,45.64,359.11,154.75009969368566,1.04,361.44,1.29
2026-08-20,93.77999877929688,277.25,90.27,276.66,24974.1,361.44,388.67,415.63,45.64,360.15,155.78567052652102,1.3,362.78,1.34
2026-08-21,94.38999938964844,277.20001220703125,91.04,276.65,25186.22,362.78,390.01,416.97,45.64,361.44,157.08264323498148,1.33,363.98,1.2
2026-08-24,92.16999816894531,276.42657470703125,91.77,276.53,25377.16,363.98,391.21,418.17,45.64,362.78,158.416826532987,1.2,364.07,0.09
2026-08-25,88.58000183105469,277.29998779296875,91.78,276.66,25391.85,364.07,391.3,418.26,45.64,363.98,159.61781843798548,0.09,363.28,-0.79
2026-08-26,87.83999633789062,275.7705078125,91.34,276.62,25266.47,363.28,390.51,417.47,45.64,364.07,159.71025807141464,-0.79,363.03,-0.25
2026-08-27,89.69999694824219,277.20001220703125,91.15,276.76,25226.67,363.03,390.26,417.22,45.64,363.28,158.92161497480927,-0.25,362.54,-0.49
2026-08-28,89.30999755859375,277.20001220703125,90.82,276.91,25148.97,362.54,389.77,416.73,45.64,363.03,158.67130016919623,-0.49,361.75,-0.79
2026-08-31,90.48999786376953,277.56756591796875,90.35,276.95,25022.43,361.75,388.98,415.94,45.64,362.54,158.1825319051243,-0.8,361.71,-0.04
2026-09-01,94.6500015258789,275.9144592285156,90.39,276.77,25017.24,361.71,388.94,415.9,45.64,361.75,157.3866573996616,-0.03,362.54,0.83
2026-09-02,95.62999725341797,275.9804382324219,90.89,276.7,25149.26,362.54,389.77,416.73,45.64,361.71,157.3539993835974,0.83,364.27,1.73
2026-09-03,95.5199966430664,277.25,91.88,276.7,25423.2,364.27,391.5,418.46,45.64,362.54,158.184398724424,1.72,366.48,2.21
2026-09-04,96.27999877929688,277.25,93.08,276.91,25774.78,366.48,393.71,420.67,45.64,364.27,159.90738865441827,2.21,367.86,1.38
2026-09-08,97.91999816894531,269.27374267578125,94.26,275.78,25995.02,367.86,395.09,422.05,45.64,366.48,162.1188071980728,1.39,370.81,2.95
2026-09-09,101.20999908447266,277.1499938964844,95.96,275.77,26462.89,370.81,398.04,425.0,45.64,367.86,163.50407769188675,2.94,374.28,3.47
2026-09-10,107.62999725341797,268.8091125488281,98.41,274.52,27015.51,374.28,401.51,428.47,45.64,370.81,166.44687427273928,3.48,376.11,1.83
2026-09-11,104.61000061035156,269.025146484375,99.83,273.53,27306.5,376.11,403.34,430.3,45.64,374.28,169.9227811078893,1.83,379.75,3.64
